Date,City,Air Quality Index (AQI),Actual_Event,Predicted_AQI,Predicted_Event
1/1/2024,1,276,None,269.96690314596054,None
1/2/2024,1,485,None,357.41861151117473,None
1/3/2024,1,472,None,350.90242539460604,Flood
1/4/2024,1,79,None,304.44496745971423,None
1/5/2024,1,179,None,221.51779911159844,None
1/6/2024,1,253,None,244.39200176850906,None
1/7/2024,1,154,None,204.58424226321725,None
1/8/2024,1,88,None,212.76872653122794,None
1/9/2024,1,283,None,259.4370288944575,None
1/10/2024,1,378,None,310.7530978183914,None
1/11/2024,1,147,None,253.74769549425258,Flood
1/12/2024,1,192,None,232.60029743290855,Flood
1/13/2024,1,224,None,300.31564080254725,None
1/14/2024,1,453,Flood,361.9043036341505,Flood
1/15/2024,1,82,Flood,161.57883695294672,Heatwave
1/16/2024,1,202,Flood,234.13817307294798,Flood
1/17/2024,1,417,Flood,273.78586965360296,Flood
1/18/2024,1,164,Flood,238.65258042965405,Flood
1/19/2024,1,97,Flood,162.0352874950615,Flood
1/20/2024,1,414,Heatwave,315.61568645942873,Hurricane
1/21/2024,1,190,Heatwave,258.4736396710305,Flood
1/22/2024,1,315,Heatwave,292.04879245189784,Heatwave
1/23/2024,1,493,Heatwave,363.2416833765677,Hurricane
1/24/2024,1,130,Heatwave,257.32826220320726,Heatwave
1/25/2024,1,119,Hurricane,194.52350173442323,Heatwave
1/26/2024,1,413,Hurricane,309.14601705011205,Hurricane
1/27/2024,1,121,Flood,166.22568406183797,Heatwave
1/28/2024,1,350,Flood,305.32860611299475,Flood
1/29/2024,1,391,Flood,325.0738988742429,Flood
1/30/2024,1,291,Drought,285.4177712171448,Drought
1/31/2024,1,157,Drought,217.22168090710326,Flood
2/1/2024,1,313,Drought,257.7187411907404,Drought
2/2/2024,1,53,Drought,160.07227581203009,Drought
2/3/2024,1,362,Drought,287.2261596034937,Drought
2/4/2024,1,64,Drought,187.47322458778325,Drought
2/5/2024,1,361,Drought,277.42624953241415,Drought
2/6/2024,1,447,Drought,309.21510532136415,Drought
2/7/2024,1,383,Hurricane,316.5188911993128,Hurricane
2/8/2024,1,457,Flood,386.89278155865753,Flood
2/9/2024,1,315,Flood,265.6459267648398,Heatwave
2/10/2024,1,214,Flood,259.7047120350689,Flood
2/11/2024,1,446,Flood,344.5122222655715,Flood
2/12/2024,1,221,Flood,222.82368855754382,Flood
2/13/2024,1,456,Flood,355.1923531662971,Flood
2/14/2024,1,223,Flood,245.14868860272756,Flood
2/15/2024,1,283,Flood,268.27763198341796,Flood
2/16/2024,1,407,Flood,345.6332214249071,Flood
2/17/2024,1,35,Flood,199.4829518884849,Flood
2/18/2024,1,163,Flood,231.8262209382853,Flood
2/19/2024,1,53,Flood,281.6114544056531,Flood
2/20/2024,1,374,Flood,315.55775283291695,Flood
2/21/2024,1,161,Flood,289.8648520171136,Flood
2/22/2024,1,410,Flood,322.79272270105315,Flood
2/23/2024,1,194,Hurricane,210.95814054220577,Hurricane
2/24/2024,1,43,Hurricane,247.12154407966523,Hurricane
2/25/2024,1,491,Hurricane,352.0817715918215,Hurricane
2/26/2024,1,169,Hurricane,309.7497386838962,Hurricane
2/27/2024,1,470,Hurricane,341.3021411198378,Hurricane
2/28/2024,1,21,Hurricane,298.4561650132032,Hurricane
2/29/2024,1,135,Flood,267.15216408982485,Flood
3/1/2024,1,430,Flood,327.9524316169561,Flood
3/2/2024,1,196,Flood,263.9104179061235,Flood
3/3/2024,1,266,Flood,254.58797798191327,Flood
3/4/2024,1,172,Heatwave,316.233460291735,Heatwave
3/5/2024,1,484,Heatwave,380.79488161557754,Heatwave
3/6/2024,1,255,Heatwave,262.1777088966084,Flood
3/7/2024,1,39,Heatwave,269.5564950163574,Heatwave
3/8/2024,1,178,Heatwave,277.6971013586923,Heatwave
3/9/2024,1,457,Heatwave,373.47200458159665,Heatwave
3/10/2024,1,317,Heatwave,300.3125925342248,Drought
3/11/2024,1,449,Heatwave,245.23617339410822,Heatwave
3/12/2024,1,229,Heatwave,238.06196914950164,Heatwave
3/13/2024,1,149,Heatwave,235.73384752322536,Heatwave
3/14/2024,1,64,Heatwave,165.42992279640822,Hurricane
3/15/2024,1,53,Heatwave,171.21964729676398,Heatwave
3/16/2024,1,174,Heatwave,238.45870929491554,Heatwave
3/17/2024,1,23,Heatwave,308.61734275744436,Heatwave
3/18/2024,1,61,Drought,177.6372888176822,Drought
3/19/2024,1,73,Drought,274.84526016573307,Drought
3/20/2024,1,128,Drought,224.3661138298165,Drought
3/21/2024,1,187,Drought,226.53228508263817,Drought
3/22/2024,1,435,Drought,355.4179700968377,Drought
3/23/2024,1,325,Drought,300.8874673582719,Drought
3/24/2024,1,147,Drought,253.4056412562777,Hurricane
3/25/2024,1,172,Drought,240.58354476844434,Drought
3/26/2024,1,223,Drought,259.46744697902983,Drought
3/27/2024,1,92,Drought,282.91932669736644,Drought
3/28/2024,1,189,Flood,219.76710873141758,Flood
3/29/2024,1,140,Drought,234.3237128425625,Drought
3/30/2024,1,268,Drought,256.9532554134993,Drought
3/31/2024,1,441,Drought,351.61186571477464,Hurricane
4/1/2024,1,263,Drought,231.94674574644444,Flood
4/2/2024,1,270,Drought,251.4629182924413,Drought
4/3/2024,1,236,Drought,266.6430335906876,Drought
4/4/2024,1,115,Flood,179.86088687301242,Flood
4/5/2024,1,21,Flood,190.73585862535788,Flood
4/6/2024,1,426,Flood,239.02175489358416,Flood
4/7/2024,1,227,Flood,229.66052030273855,Flood
4/8/2024,1,341,Flood,285.098481797872,Flood
4/9/2024,1,372,Hurricane,301.43740465880137,Hurricane
4/10/2024,1,241,Hurricane,234.12075761118138,Hurricane
4/11/2024,1,433,Hurricane,242.2501505949322,Hurricane
4/12/2024,1,140,Hurricane,225.43777997281842,Hurricane
4/13/2024,1,439,Hurricane,333.66414639751025,Hurricane
4/14/2024,1,482,Hurricane,348.19202018499783,Hurricane
4/15/2024,1,113,Hurricane,168.35955993397772,Hurricane
4/16/2024,1,123,Hurricane,251.86559079496692,Hurricane
4/17/2024,1,351,Hurricane,272.7212798586198,Hurricane
4/18/2024,1,301,Hurricane,254.65394782925728,Hurricane
4/19/2024,1,119,Drought,275.5077337811656,Drought
4/20/2024,1,109,Drought,192.26041652337298,Drought
4/21/2024,1,375,Drought,273.08883793059545,Drought
4/22/2024,1,102,Drought,166.49009174731174,Drought
4/23/2024,1,120,Drought,229.94152178306774,Drought
4/24/2024,1,86,Drought,157.97500317904246,Drought
4/25/2024,1,26,Drought,137.02165240114797,Drought
4/26/2024,1,275,Drought,247.5003128649387,Drought
4/27/2024,1,294,Drought,275.6414323309507,Drought
4/28/2024,1,347,Flood,287.37608179177255,Flood
4/29/2024,1,345,Flood,289.0049756805977,Flood
4/30/2024,1,43,Flood,165.31529483766167,Hurricane
5/1/2024,1,55,Flood,218.1995755706396,Flood
5/2/2024,1,171,Flood,218.53616310937193,Flood
5/3/2024,1,91,Flood,198.5478084053548,Flood
5/4/2024,1,215,Flood,235.6134110375637,Flood
5/5/2024,1,154,Flood,237.6268706906992,Drought
5/6/2024,1,491,Flood,341.8333774537953,Flood
5/7/2024,1,248,Flood,245.75222347698306,Flood
5/8/2024,1,274,Flood,284.8938655985647,Flood
5/9/2024,1,39,Heatwave,213.33106691612062,Heatwave
5/10/2024,1,401,Heatwave,321.4038250607378,Heatwave
5/11/2024,1,426,Heatwave,354.3169028877022,Heatwave
5/12/2024,1,435,Heatwave,336.6712337609102,Heatwave
5/13/2024,1,358,Heatwave,289.75894733335355,Flood
5/14/2024,1,255,Heatwave,250.23407774639847,Heatwave
5/15/2024,1,375,Flood,314.3145348198088,Flood
5/16/2024,1,69,Flood,303.0239456755511,Flood
5/17/2024,1,83,Flood,184.82828629527208,Flood
5/18/2024,1,48,Flood,164.89535648967635,Flood
5/19/2024,1,16,Flood,243.8287322802494,Flood
5/20/2024,1,452,Flood,337.87631206573946,Flood
5/21/2024,1,433,Flood,213.7125844145373,Flood
5/22/2024,1,420,Flood,313.6586417809138,Flood
5/23/2024,1,140,Flood,165.75314636021392,Drought
5/24/2024,1,200,Flood,214.38722361869497,Flood
5/25/2024,1,370,Flood,310.0816501992578,Flood
5/26/2024,1,48,Flood,171.4746834219409,Flood
5/27/2024,1,280,Flood,287.2383873542557,Flood
5/28/2024,1,312,Flood,259.3561471078147,Flood
5/29/2024,1,479,Hurricane,282.2494915324915,Hurricane
5/30/2024,1,197,Hurricane,226.96334582666887,Hurricane
5/31/2024,1,201,Hurricane,258.6554358794721,Hurricane
6/1/2024,1,462,Drought,343.967377048487,Drought
6/2/2024,1,256,Drought,253.63755051655568,Drought
6/3/2024,1,188,Drought,222.14331774204823,Drought
6/4/2024,1,304,Drought,277.08027471524815,Drought
6/5/2024,1,499,Drought,224.09517497654923,Hurricane
6/6/2024,1,292,Drought,272.5950386057468,Drought
6/7/2024,1,205,Drought,211.566060848087,Drought
6/8/2024,1,105,Hurricane,189.0867772828046,Hurricane
6/9/2024,1,21,Hurricane,199.92770908235366,Hurricane
6/10/2024,1,239,Hurricane,246.443438128418,Hurricane
6/11/2024,1,422,Hurricane,293.44780726774263,Hurricane
6/12/2024,1,448,Hurricane,322.4129764703883,Hurricane
6/13/2024,1,473,Hurricane,338.65889058892344,Hurricane
6/14/2024,1,359,Hurricane,321.5191710236283,Hurricane
6/15/2024,1,471,Drought,330.8446939373891,Drought
6/16/2024,1,44,Drought,120.16210777793049,Drought
6/17/2024,1,467,Drought,193.79882362320976,Drought
6/18/2024,1,152,Drought,190.65012814300889,Drought
6/19/2024,1,316,Drought,272.172363109953,Drought
6/20/2024,1,42,Drought,146.67996298230761,Drought
6/21/2024,1,102,Drought,183.10233219379876,Drought
6/22/2024,1,38,Drought,115.3454947899147,Drought
6/23/2024,1,155,Drought,290.2647790144737,Hurricane
6/24/2024,1,475,Drought,388.4399729822781,Drought
6/25/2024,1,73,Drought,218.63212573424877,Flood
6/26/2024,1,143,Drought,239.2669429740165,Drought
6/27/2024,1,376,Heatwave,296.5820719027736,Heatwave
6/28/2024,1,292,Heatwave,274.18506430739507,Heatwave
6/29/2024,1,26,Heatwave,148.84426292065336,Heatwave
6/30/2024,1,371,Heatwave,278.27393874583953,Hurricane
7/1/2024,1,47,Heatwave,144.669107859163,Heatwave
7/2/2024,1,361,Heatwave,303.6128532953208,Heatwave
7/3/2024,1,257,Heatwave,232.96455775009136,Heatwave
7/4/2024,1,484,Heatwave,346.6150985612119,Drought
7/5/2024,1,189,Heatwave,226.76398818971467,Heatwave
7/6/2024,1,136,Drought,177.55233919784777,Flood
7/7/2024,1,240,Drought,241.66773898482106,Drought
7/8/2024,1,227,Drought,225.4161961161416,Flood
7/9/2024,1,430,Drought,345.45798931074603,Drought
7/10/2024,1,497,Drought,365.29542900392624,Drought
7/11/2024,1,308,Flood,225.18403456622738,Hurricane
7/12/2024,1,431,Flood,305.52823861098955,Flood
7/13/2024,1,73,Flood,185.5585113340624,Flood
7/14/2024,1,248,Flood,252.4485659927916,Flood
7/15/2024,1,485,Flood,335.29179498960474,Flood
7/16/2024,1,400,Flood,314.8082898599749,Flood
7/17/2024,1,454,Flood,223.27845699012556,Flood
7/18/2024,1,240,Flood,254.43177390754218,Flood
7/19/2024,1,329,Flood,291.46838319453735,Flood
7/20/2024,1,484,Flood,350.71980701085107,Flood
7/21/2024,1,248,Flood,259.1362903813661,Flood
7/22/2024,1,282,Flood,251.16225031450006,Flood
7/23/2024,1,337,Flood,306.0019245935497,Flood
7/24/2024,1,286,Hurricane,272.37026017407976,Hurricane
7/25/2024,1,73,Hurricane,166.82033499215984,Hurricane
7/26/2024,1,287,Heatwave,278.9343560276273,Heatwave
7/27/2024,1,446,Drought,229.86002253902123,Flood
7/28/2024,1,293,Drought,245.37386441664813,Drought
7/29/2024,1,372,Drought,262.2859637713989,Drought
7/30/2024,1,417,Drought,341.13863593733805,Drought
7/31/2024,1,229,Drought,251.00155212404545,Drought
8/1/2024,1,339,Drought,294.7571854810644,Drought
8/2/2024,1,284,Hurricane,282.90697956807384,Hurricane
8/3/2024,1,175,Hurricane,238.61999706348735,Hurricane
8/4/2024,1,59,Hurricane,218.44698828794907,Hurricane
8/5/2024,1,79,Hurricane,174.58837979801558,Hurricane
8/6/2024,1,456,Hurricane,210.58708584316003,Hurricane
8/7/2024,1,260,Hurricane,256.2752446603888,Hurricane
8/8/2024,1,259,Hurricane,265.8857639159522,Hurricane
8/9/2024,1,301,Drought,306.05602421216116,Flood
8/10/2024,1,482,Drought,332.8158894364882,Drought
8/11/2024,1,459,Drought,367.84163264538694,Drought
8/12/2024,1,195,Drought,238.15815238761635,Drought
8/13/2024,1,399,Drought,317.7812745016699,Drought
8/14/2024,1,168,Drought,247.75283218518646,Drought
8/15/2024,1,465,Drought,321.5218950436393,Drought
8/16/2024,1,393,Flood,332.7071215544374,Flood
8/17/2024,1,376,Flood,299.4551186398315,Flood
8/18/2024,1,392,Flood,314.1243065359468,Flood
8/19/2024,1,468,Flood,265.54537541032767,Flood
8/20/2024,1,445,Flood,327.20097500774716,Flood
8/21/2024,1,187,Flood,223.54401144682868,Flood
8/22/2024,1,117,Flood,230.35414629962636,Flood
8/23/2024,1,178,Flood,217.7693006430766,Flood
8/24/2024,1,66,Flood,146.09180508954088,Flood
8/25/2024,1,42,Flood,277.3185209704523,Heatwave
8/26/2024,1,436,Flood,374.9012403892772,Flood
8/27/2024,1,367,Flood,301.91183166712494,Flood
8/28/2024,1,192,Heatwave,247.61110500474527,Heatwave
8/29/2024,1,209,Hurricane,211.44284009594264,Drought
8/30/2024,1,497,Hurricane,349.04701299831294,Hurricane
8/31/2024,1,359,Hurricane,233.75082320877127,Hurricane
9/1/2024,1,277,Hurricane,273.8384250075219,Hurricane
9/2/2024,1,36,Hurricane,156.01367073947378,Flood
9/3/2024,1,458,Hurricane,324.2195818808639,Hurricane
9/4/2024,1,48,Hurricane,264.02561797721137,Hurricane
9/5/2024,1,26,Hurricane,205.97821354853565,Hurricane
9/6/2024,1,60,Hurricane,145.10798422969748,Hurricane
9/7/2024,1,130,Hurricane,216.6185151631876,Hurricane
9/8/2024,1,201,Hurricane,275.3900209610568,Hurricane
9/9/2024,1,368,Hurricane,320.3428573173697,Hurricane
9/10/2024,1,380,Hurricane,323.0992913004045,Flood
9/11/2024,1,29,Hurricane,153.76291557953232,Hurricane
9/12/2024,1,132,Hurricane,235.70729842635802,Flood
9/13/2024,1,281,Heatwave,321.230540546617,Heatwave
9/14/2024,1,343,Heatwave,327.83091110648917,Heatwave
9/15/2024,1,203,Heatwave,224.54400044304904,Heatwave
9/16/2024,1,455,Flood,323.84500168670735,Flood
9/17/2024,1,144,Flood,222.26977735658642,Flood
9/18/2024,1,278,Flood,264.68399678155384,Flood
9/19/2024,1,367,Flood,286.57209550468343,Flood
9/20/2024,1,203,Flood,249.403238277538,Flood
9/21/2024,1,339,Flood,293.21510261397464,Hurricane
9/22/2024,1,272,Flood,269.3244856190546,Flood
9/23/2024,1,186,Flood,238.97929284667418,Flood
9/24/2024,1,144,Flood,261.9656582298488,Flood
9/25/2024,1,276,Flood,257.26585352848315,Flood
9/26/2024,1,438,Flood,333.2277999016104,Flood
9/27/2024,1,120,Flood,282.6995719526122,Flood
9/28/2024,1,62,Flood,154.38022159851442,Flood
9/29/2024,1,388,Flood,309.291416852541,Flood
9/30/2024,1,179,Flood,193.69488862712203,Hurricane
10/1/2024,1,58,Flood,151.71531953342043,Flood
10/2/2024,1,440,Hurricane,237.07679085124448,Hurricane
10/3/2024,1,394,Heatwave,315.59768546969343,Heatwave
10/4/2024,1,101,Heatwave,210.89928705167972,Heatwave
10/5/2024,1,222,Heatwave,213.8817656398336,Heatwave
10/6/2024,1,81,Heatwave,184.02620021686286,Flood
10/7/2024,1,130,Heatwave,140.52654331816422,Hurricane
10/8/2024,1,170,Heatwave,194.13051300930613,Heatwave
10/9/2024,1,190,Flood,207.41061786068585,Flood
10/10/2024,1,402,Flood,307.6896621086668,Flood
10/11/2024,1,134,Flood,223.5236258544741,Flood
10/12/2024,1,423,Heatwave,310.8335892719765,Heatwave
10/13/2024,1,394,Heatwave,308.32567092345425,Heatwave
10/14/2024,1,32,Heatwave,176.28034197741644,Heatwave
10/15/2024,1,29,Heatwave,100.57131453607812,Heatwave
10/16/2024,1,228,Heatwave,266.3090747514358,Heatwave
10/17/2024,1,469,Heatwave,334.27286038967463,Heatwave
10/18/2024,1,442,Hurricane,332.2659258617521,Hurricane
10/19/2024,1,258,Hurricane,251.77427056333502,Hurricane
10/20/2024,1,361,Hurricane,299.75341038767164,Hurricane
10/21/2024,1,35,Hurricane,167.7732453272065,Hurricane
10/22/2024,1,139,Hurricane,205.3340464038815,Hurricane
10/23/2024,1,466,Hurricane,271.31201273440587,Hurricane
10/24/2024,1,42,Hurricane,135.87782624589698,Hurricane
10/25/2024,1,98,Hurricane,158.23965010111607,Hurricane
10/26/2024,1,154,Flood,284.88666668622557,Heatwave
10/27/2024,1,290,Flood,261.1642179017445,Flood
10/28/2024,1,393,Flood,285.2940893702135,Flood
10/29/2024,1,32,Flood,145.4601290782343,Flood
10/30/2024,1,102,Flood,152.67122771356247,Flood
10/31/2024,1,280,Hurricane,258.3940333635782,Hurricane
11/1/2024,1,241,Hurricane,237.5567710851187,Hurricane
11/2/2024,1,174,Hurricane,235.1738588472061,Hurricane
11/3/2024,1,460,Hurricane,347.0842103373384,Heatwave
11/4/2024,1,137,Flood,188.0240756770496,Flood
11/5/2024,1,251,Flood,244.2304311764281,Flood
11/6/2024,1,240,Flood,273.7140828830494,Flood
11/7/2024,1,374,Flood,337.4431734325373,Hurricane
11/8/2024,1,75,Flood,189.63896181590727,Hurricane
11/9/2024,1,293,Hurricane,247.76807786416083,Hurricane
11/10/2024,1,478,Hurricane,374.28341635562424,Hurricane
11/11/2024,1,212,Hurricane,236.75075507618996,Heatwave
11/12/2024,1,492,Hurricane,382.95237403363404,Hurricane
11/13/2024,1,428,Hurricane,356.7891124347833,Hurricane
11/14/2024,1,475,Hurricane,284.9379625363236,Hurricane
11/15/2024,1,280,Flood,260.38074036846115,Flood
11/16/2024,1,275,Flood,266.80715284266984,Flood
11/17/2024,1,356,Flood,302.4633580281539,Hurricane
11/18/2024,1,306,Flood,262.95115766843327,Flood
11/19/2024,1,351,Heatwave,211.20488837612595,Heatwave
11/20/2024,1,251,Heatwave,241.74509139267255,Heatwave
11/21/2024,1,125,Heatwave,221.3532350076556,Heatwave
11/22/2024,1,209,Heatwave,251.32398534233042,Heatwave
11/23/2024,1,217,Heatwave,273.6698620122388,Heatwave
11/24/2024,1,261,Heatwave,285.16112852783226,Heatwave
11/25/2024,1,490,Heatwave,342.6139245756747,Heatwave
11/26/2024,1,329,Heatwave,274.27441040960815,Heatwave
11/27/2024,1,148,Heatwave,220.34741751031032,Heatwave
11/28/2024,1,30,Heatwave,260.21830571289496,Heatwave
11/29/2024,1,289,Heatwave,306.6009209267139,Heatwave
11/30/2024,1,10,Heatwave,236.7075271463083,Heatwave
12/1/2024,1,276,Heatwave,261.17555226848475,Heatwave
12/2/2024,1,82,Heatwave,198.65070784368035,Flood
12/3/2024,1,141,Heatwave,238.26273876676342,Heatwave
12/4/2024,1,35,Heatwave,152.10733949789017,Flood
12/5/2024,1,264,Heatwave,264.0244922307041,Heatwave
12/6/2024,1,472,Heatwave,367.0767114105786,Flood
12/7/2024,1,170,Heatwave,198.14908097897734,Heatwave
12/8/2024,1,253,Heatwave,345.14599627875776,Heatwave
12/9/2024,1,419,Heatwave,314.8527121573822,Heatwave
12/10/2024,1,316,Heatwave,297.36026516102856,Heatwave
12/11/2024,1,135,Heatwave,206.83541674594824,Flood
12/12/2024,1,282,Heatwave,295.05713757721134,Heatwave
12/13/2024,1,495,Heatwave,377.6504940612385,Heatwave
12/14/2024,1,379,Heatwave,341.3129586671904,Heatwave
12/15/2024,1,51,Heatwave,126.46164424646537,Heatwave
12/16/2024,1,191,Heatwave,223.9201455956055,Heatwave
12/17/2024,1,323,Heatwave,273.19812142583197,Heatwave
12/18/2024,1,270,Drought,280.07625326010964,Drought
12/19/2024,1,148,Drought,196.77955907882992,Drought
12/20/2024,1,207,Drought,255.29564070082867,Drought
12/21/2024,1,27,Drought,165.11050306651498,Drought
12/22/2024,1,415,Drought,344.9203427577502,Heatwave
12/23/2024,1,362,Hurricane,288.91342053913485,Hurricane
12/24/2024,1,364,Hurricane,319.2456977929421,Hurricane
12/25/2024,1,308,Hurricane,264.2566850356379,Hurricane
12/26/2024,1,137,Hurricane,196.94694515797528,Hurricane
12/27/2024,1,16,Hurricane,129.92453652047143,Hurricane
12/28/2024,1,175,Hurricane,262.52275521504464,Flood
12/29/2024,1,74,Hurricane,145.25675711827057,Hurricane
12/30/2024,1,316,Hurricane,261.8636792085636,Hurricane
12/31/2024,1,94,Hurricane,177.83500210677914,Drought
1/1/2024,2,407,Hurricane,334.63894112829786,Hurricane
1/2/2024,2,160,Hurricane,248.11612999033554,Hurricane
1/3/2024,2,24,Hurricane,118.26392283833556,Hurricane
1/4/2024,2,231,Hurricane,244.65718525953392,Hurricane
1/5/2024,2,293,Hurricane,290.4468926995102,Hurricane
1/6/2024,2,18,Hurricane,139.39294670541804,Hurricane
1/7/2024,2,236,Flood,289.73423326905254,Flood
1/8/2024,2,46,Heatwave,168.33631119186555,Hurricane
1/9/2024,2,108,Heatwave,215.0576168213941,Heatwave
1/10/2024,2,428,Heatwave,355.9004579922736,Heatwave
1/11/2024,2,186,Heatwave,233.94430089825036,Hurricane
1/12/2024,2,462,Heatwave,252.6421537746768,Heatwave
1/13/2024,2,408,Heatwave,327.41882489231205,Heatwave
1/14/2024,2,43,Heatwave,133.78193459233682,Heatwave
1/15/2024,2,151,Drought,305.7342867965034,Drought
1/16/2024,2,80,Flood,231.06760800311181,Flood
1/17/2024,2,377,Flood,306.95446194541825,Hurricane
1/18/2024,2,331,Flood,291.78337122049624,Flood
1/19/2024,2,89,Flood,197.4026280859493,Flood
1/20/2024,2,433,Flood,369.90654264225066,Flood
1/21/2024,2,392,Flood,310.72911516682535,Flood
1/22/2024,2,492,Flood,374.95092055523304,Flood
1/23/2024,2,394,Flood,307.3171431616493,Flood
1/24/2024,2,37,Flood,148.68344234085217,Flood
1/25/2024,2,383,Flood,319.4323321008891,Hurricane
1/26/2024,2,477,Flood,389.4604437999068,Flood
1/27/2024,2,499,Flood,325.9374263218157,Flood
1/28/2024,2,104,Flood,178.26644717298134,Hurricane
1/29/2024,2,421,Heatwave,286.5214591431893,Heatwave
1/30/2024,2,389,Heatwave,313.83807925846787,Heatwave
1/31/2024,2,370,Heatwave,277.68518490250506,Heatwave
2/1/2024,2,184,Drought,210.2264486799346,Drought
2/2/2024,2,250,Drought,274.0744984798695,Drought
2/3/2024,2,368,Drought,320.8496364446885,Drought
2/4/2024,2,473,Drought,359.81513066709397,Drought
2/5/2024,2,274,Drought,253.27414315198487,Drought
2/6/2024,2,212,Drought,218.9515875577098,Drought
2/7/2024,2,107,Drought,208.31840061572157,Drought
2/8/2024,2,495,Drought,255.92901616191884,Drought
2/9/2024,2,100,Drought,236.6518167588651,Drought
2/10/2024,2,131,Drought,229.89198458861367,Drought
2/11/2024,2,328,Hurricane,282.69199274007065,Hurricane
2/12/2024,2,452,Hurricane,351.47067399292007,Hurricane
2/13/2024,2,292,Hurricane,265.16898928682184,Hurricane
2/14/2024,2,164,Hurricane,223.76385357385882,Hurricane
2/15/2024,2,157,Hurricane,319.80036499614425,Hurricane
2/16/2024,2,152,Hurricane,194.3840909423083,Hurricane
2/17/2024,2,372,Hurricane,255.0607215453125,Hurricane
2/18/2024,2,24,Hurricane,201.5141243091922,Hurricane
2/19/2024,2,137,Hurricane,216.58654714044545,Hurricane
2/20/2024,2,208,Hurricane,254.6350730122328,Hurricane
2/21/2024,2,190,Drought,221.72312223156922,Drought
2/22/2024,2,269,Drought,242.9265891409615,Drought
2/23/2024,2,148,Drought,190.6604532923043,Flood
2/24/2024,2,217,Drought,226.05929728046257,Drought
2/25/2024,2,352,Drought,299.4526240468432,Drought
2/26/2024,2,222,Drought,278.5443726562575,Drought
2/27/2024,2,429,Drought,317.70262296086463,Hurricane
2/28/2024,2,279,Drought,173.74689358172392,Drought
2/29/2024,2,485,Hurricane,350.4885655913364,Hurricane
3/1/2024,2,93,Hurricane,179.1100108057195,Hurricane
3/2/2024,2,52,Hurricane,147.73568130184518,Hurricane
3/3/2024,2,353,Hurricane,299.4138222419883,Hurricane
3/4/2024,2,199,Hurricane,270.9796930289367,Hurricane
3/5/2024,2,73,Hurricane,182.03404365249605,Heatwave
3/6/2024,2,58,Hurricane,164.0184011858254,Hurricane
3/7/2024,2,193,Heatwave,256.0811639321264,Heatwave
3/8/2024,2,222,Heatwave,282.41099184681474,Heatwave
3/9/2024,2,273,Heatwave,264.38945038242804,Drought
3/10/2024,2,112,Heatwave,270.02425965874295,Heatwave
3/11/2024,2,106,Flood,130.4948889562498,Flood
3/12/2024,2,377,Drought,325.32381419782877,Drought
3/13/2024,2,106,Drought,190.19721761422156,Drought
3/14/2024,2,191,Drought,308.6622625839535,Drought
3/15/2024,2,154,Drought,272.2018278878539,Drought
3/16/2024,2,486,Drought,332.0519530721542,Drought
3/17/2024,2,390,Drought,318.9717572514517,Heatwave
3/18/2024,2,157,Drought,186.13336463517317,Drought
3/19/2024,2,36,Drought,127.9272665031165,Drought
3/20/2024,2,479,Drought,244.01211046131633,Hurricane
3/21/2024,2,295,Drought,285.05392211249296,Hurricane
3/22/2024,2,377,Drought,315.6577197129238,Drought
3/23/2024,2,37,Drought,300.0637882378558,Drought
3/24/2024,2,90,Drought,238.0379839831511,Hurricane
3/25/2024,2,418,Hurricane,330.01219136744845,Hurricane
3/26/2024,2,152,Hurricane,256.69363330271835,Heatwave
3/27/2024,2,212,Hurricane,247.84006342437053,Hurricane
3/28/2024,2,368,Hurricane,304.6516337419075,Hurricane
3/29/2024,2,25,Hurricane,142.08751429045998,Hurricane
3/30/2024,2,98,Heatwave,172.59491626977254,Drought
3/31/2024,2,419,Flood,306.180806966635,Flood
4/1/2024,2,166,Flood,257.8405183921585,Flood
4/2/2024,2,95,Flood,252.3990645532697,Flood
4/3/2024,2,99,Flood,190.80623309047064,Flood
4/4/2024,2,108,Hurricane,193.15295388600418,Hurricane
4/5/2024,2,103,Hurricane,208.35323978335154,Drought
4/6/2024,2,323,Hurricane,297.30570107301844,Heatwave
4/7/2024,2,89,Hurricane,187.52577220238865,Hurricane
4/8/2024,2,37,Hurricane,242.22216646076265,Hurricane
4/9/2024,2,168,Drought,281.73563296195766,Heatwave
4/10/2024,2,435,Drought,337.65289073958706,Drought
4/11/2024,2,497,Drought,377.635732506913,Drought
4/12/2024,2,369,Drought,294.69956631700495,Drought
4/13/2024,2,24,Drought,111.53065390095936,Drought
4/14/2024,2,279,Drought,290.405974573097,Drought
4/15/2024,2,85,Drought,201.96987463725966,Drought
4/16/2024,2,320,Drought,301.55687352333155,Drought
4/17/2024,2,425,Drought,316.74520991193594,Drought
4/18/2024,2,54,Drought,172.4135725655073,Drought
4/19/2024,2,43,Hurricane,264.65427097988476,Hurricane
4/20/2024,2,313,Hurricane,296.2955638850661,Hurricane
4/21/2024,2,12,Heatwave,118.30635277489466,Hurricane
4/22/2024,2,58,Heatwave,155.57797626016895,Heatwave
4/23/2024,2,453,Flood,336.939523588919,Flood
4/24/2024,2,218,Flood,240.29709786828474,Flood
4/25/2024,2,351,Flood,280.3510097644269,Flood
4/26/2024,2,62,Heatwave,133.60370671590002,Heatwave
4/27/2024,2,472,Heatwave,376.8322740219506,Heatwave
4/28/2024,2,212,Heatwave,262.07309701877847,Heatwave
4/29/2024,2,369,Heatwave,295.9622518098732,Hurricane
4/30/2024,2,96,Hurricane,193.46178613387556,Hurricane
5/1/2024,2,325,Hurricane,269.3495070463689,Heatwave
5/2/2024,2,423,Hurricane,346.0003750698695,Hurricane
5/3/2024,2,236,Hurricane,259.94939638477723,Hurricane
5/4/2024,2,388,Hurricane,268.77620122707737,Hurricane
5/5/2024,2,256,Heatwave,267.74057726925577,Heatwave
5/6/2024,2,489,Heatwave,348.0066290438406,Heatwave
5/7/2024,2,457,Drought,334.33608548498256,Drought
5/8/2024,2,498,Drought,409.1965145331699,Drought
5/9/2024,2,200,Drought,228.565953059851,Drought
5/10/2024,2,358,Drought,302.9974974024436,Drought
5/11/2024,2,232,Drought,243.89661270819227,Flood
5/12/2024,2,76,Drought,164.43082528961494,Drought
5/13/2024,2,418,Drought,301.5138441047942,Drought
5/14/2024,2,159,Drought,255.46812699537367,Drought
5/15/2024,2,494,Drought,264.1072751861551,Drought
5/16/2024,2,345,Drought,289.81126154581034,Drought
5/17/2024,2,281,Heatwave,267.1984930171203,Heatwave
5/18/2024,2,354,Heatwave,310.0149941313949,Heatwave
5/19/2024,2,305,Heatwave,272.54475285317795,Heatwave
5/20/2024,2,367,Heatwave,328.8031834590097,Heatwave
5/21/2024,2,224,Heatwave,269.29638782334246,Heatwave
5/22/2024,2,13,Heatwave,136.36756897901074,Heatwave
5/23/2024,2,343,Heatwave,292.4101907140221,Heatwave
5/24/2024,2,11,Heatwave,113.02065389924826,Heatwave
5/25/2024,2,134,Heatwave,222.45431832310516,Heatwave
5/26/2024,2,295,Heatwave,266.58607248652584,Heatwave
5/27/2024,2,363,Heatwave,278.77095908107765,Heatwave
5/28/2024,2,384,Heatwave,243.01107969961114,Heatwave
5/29/2024,2,175,Heatwave,223.44996619963646,Heatwave
5/30/2024,2,203,Heatwave,206.59104101424947,Heatwave
5/31/2024,2,484,Hurricane,370.3975580157808,Hurricane
6/1/2024,2,352,Hurricane,288.60061317614543,Hurricane
6/2/2024,2,313,Hurricane,251.88189804965523,Hurricane
6/3/2024,2,380,Hurricane,335.8868558834285,Hurricane
6/4/2024,2,84,Hurricane,211.01178725593084,Hurricane
6/5/2024,2,414,Hurricane,174.51159813961985,Hurricane
6/6/2024,2,50,Hurricane,284.125358251605,Hurricane
6/7/2024,2,111,Hurricane,201.39155962798407,Hurricane
6/8/2024,2,127,Flood,180.0947972412154,Hurricane
6/9/2024,2,310,Flood,244.7004815982664,Flood
6/10/2024,2,69,Flood,196.70249054665393,Flood
6/11/2024,2,222,Flood,276.97877093847995,Flood
6/12/2024,2,79,Hurricane,205.1915384992873,Hurricane
6/13/2024,2,234,Heatwave,244.2089423612909,Heatwave
6/14/2024,2,179,Heatwave,288.053934839613,Heatwave
6/15/2024,2,409,Heatwave,307.27014837479453,Heatwave
6/16/2024,2,152,Hurricane,200.60478739285693,Hurricane
6/17/2024,2,466,Heatwave,330.32427094982893,Heatwave
6/18/2024,2,465,Heatwave,343.42691223120636,Heatwave
6/19/2024,2,351,Heatwave,308.98419767728285,Heatwave
6/20/2024,2,437,Heatwave,351.19786447198857,Hurricane
6/21/2024,2,310,Heatwave,293.69960948676317,Heatwave
6/22/2024,2,444,Heatwave,263.49191796827785,Heatwave
6/23/2024,2,350,Heatwave,256.67500466939237,Heatwave
6/24/2024,2,411,Heatwave,340.3829923272174,Hurricane
6/25/2024,2,35,Heatwave,168.83321362433938,Heatwave
6/26/2024,2,84,Heatwave,218.15166689458422,Drought
6/27/2024,2,157,Heatwave,222.48771680256235,Heatwave
6/28/2024,2,94,Heatwave,197.11479467398516,Heatwave
6/29/2024,2,267,Heatwave,259.0606551458409,Heatwave
6/30/2024,2,224,Hurricane,228.55462830113834,Hurricane
7/1/2024,2,147,Hurricane,263.2219828618335,Flood
7/2/2024,2,201,Heatwave,224.58064770590366,Heatwave
7/3/2024,2,128,Heatwave,185.80497396030546,Heatwave
7/4/2024,2,348,Hurricane,308.9608384897446,Hurricane
7/5/2024,2,138,Heatwave,223.5289579248934,Heatwave
7/6/2024,2,109,Heatwave,172.86507892901665,Heatwave
7/7/2024,2,489,Heatwave,345.7683837449964,Heatwave
7/8/2024,2,345,Heatwave,280.01297108944965,Heatwave
7/9/2024,2,341,Heatwave,295.6846174845432,Hurricane
7/10/2024,2,212,Drought,238.88908995628194,Drought
7/11/2024,2,213,Hurricane,244.4234367855048,Hurricane
7/12/2024,2,410,Hurricane,311.1085903650637,Hurricane
7/13/2024,2,86,Hurricane,156.5258167701704,Hurricane
7/14/2024,2,113,Hurricane,195.1475858848977,Hurricane
7/15/2024,2,283,Hurricane,272.3154930690445,Hurricane
7/16/2024,2,86,Hurricane,187.5732427747555,Hurricane
7/17/2024,2,56,Hurricane,177.26748878584232,Hurricane
7/18/2024,2,50,Hurricane,193.24634094812325,Hurricane
7/19/2024,2,357,Hurricane,291.7452676716677,Hurricane
7/20/2024,2,310,Hurricane,285.19179708897354,Hurricane
7/21/2024,2,295,Hurricane,236.86049911556506,Drought
7/22/2024,2,225,Hurricane,257.19867003983484,Hurricane
7/23/2024,2,103,Hurricane,263.5072182830032,Hurricane
7/24/2024,2,418,Heatwave,304.04049351262626,Drought
7/25/2024,2,349,Flood,270.8082249587926,Drought
7/26/2024,2,296,Flood,279.0523108440164,Flood
7/27/2024,2,204,Flood,239.5173780456188,Flood
7/28/2024,2,216,Flood,234.90351682927746,Hurricane
7/29/2024,2,289,Flood,270.6838970792528,Heatwave
7/30/2024,2,203,Flood,215.5176931737326,Flood
7/31/2024,2,363,Flood,299.99608519164514,Flood
8/1/2024,2,130,Flood,236.45237690418287,Heatwave
8/2/2024,2,221,Flood,239.8852659611139,Drought
8/3/2024,2,388,Flood,270.09589306088003,Flood
8/4/2024,2,63,Heatwave,290.14566213715864,Heatwave
8/5/2024,2,260,Heatwave,237.10030718104724,Heatwave
8/6/2024,2,208,Heatwave,253.91079814306792,Heatwave
8/7/2024,2,237,Heatwave,294.79067330241736,Heatwave
8/8/2024,2,478,Heatwave,348.84045562169297,Heatwave
8/9/2024,2,29,Flood,156.94567668720467,Flood
8/10/2024,2,211,Flood,289.6882749037169,Flood
8/11/2024,2,371,Flood,311.385346920112,Flood
8/12/2024,2,308,Flood,303.1759062588988,Flood
8/13/2024,2,105,Flood,205.19875054671968,Flood
8/14/2024,2,81,Flood,196.88263332200052,Hurricane
8/15/2024,2,494,Flood,371.2883957075066,Heatwave
8/16/2024,2,311,Flood,248.88722093354542,Hurricane
8/17/2024,2,79,Flood,278.0325307317625,Flood
8/18/2024,2,290,Flood,261.8310659499028,Flood
8/19/2024,2,448,Flood,326.45665638458905,Drought
8/20/2024,2,443,Flood,351.1874811331798,Flood
8/21/2024,2,319,Flood,264.11905126775986,Hurricane
8/22/2024,2,18,Drought,159.12138957716488,Drought
8/23/2024,2,290,Drought,207.85943800653865,Hurricane
8/24/2024,2,420,Drought,251.08203826161323,Drought
8/25/2024,2,470,Drought,329.28253730081457,Drought
8/26/2024,2,359,Drought,251.6646613848766,Drought
8/27/2024,2,471,Drought,264.4024694137095,Drought
8/28/2024,2,225,Drought,248.40719515171193,Drought
8/29/2024,2,76,Drought,162.34529719181293,Drought
8/30/2024,2,343,Drought,278.2099850971912,Drought
8/31/2024,2,429,Drought,349.44987259384806,Drought
9/1/2024,2,102,Drought,192.7525343628943,Drought
9/2/2024,2,445,Drought,315.39543185723886,Drought
9/3/2024,2,216,Drought,234.11073307370006,Drought
9/4/2024,2,99,Drought,200.73418336242764,Drought
9/5/2024,2,259,Drought,274.15052839295697,Drought
9/6/2024,2,410,Drought,317.2226825017104,Drought
9/7/2024,2,115,Drought,166.15749881846526,Drought
9/8/2024,2,427,Drought,300.4575874089622,Drought
9/9/2024,2,70,Drought,157.3287890879953,Drought
9/10/2024,2,446,Drought,372.39533324373014,Drought
9/11/2024,2,240,Drought,243.64629774650194,Drought
9/12/2024,2,266,Drought,276.96345410087565,Hurricane
9/13/2024,2,389,Drought,327.3304417215611,Drought
9/14/2024,2,350,Drought,306.11153909128234,Hurricane
9/15/2024,2,433,Heatwave,330.4380570589252,Drought
9/16/2024,2,237,Heatwave,255.03373213899974,Heatwave
9/17/2024,2,105,Heatwave,142.48254838325462,Heatwave
9/18/2024,2,293,Drought,243.24637144422823,Drought
9/19/2024,2,92,Drought,184.6126061012431,Drought
9/20/2024,2,296,Drought,277.79470525623833,Drought
9/21/2024,2,478,Drought,336.44516420361003,Drought
9/22/2024,2,183,Drought,248.01507480135652,Drought
9/23/2024,2,300,Drought,255.7744808859105,Hurricane
9/24/2024,2,244,Drought,269.00391298077824,Drought
9/25/2024,2,311,Drought,283.717251783256,Drought
9/26/2024,2,253,Drought,251.28504588626944,Drought
9/27/2024,2,458,Drought,340.4814370442587,Drought
9/28/2024,2,362,Drought,292.8927506266119,Drought
9/29/2024,2,117,Drought,182.74245760799047,Drought
9/30/2024,2,407,Drought,320.3842419442868,Drought
10/1/2024,2,400,Drought,303.7255466362032,Drought
10/2/2024,2,399,Drought,313.63309268451775,Drought
10/3/2024,2,467,Drought,364.65265359252123,Drought
10/4/2024,2,433,Drought,234.61493593583612,Drought
10/5/2024,2,316,Drought,271.4871622187566,Hurricane
10/6/2024,2,152,Heatwave,217.8193085482244,Heatwave
10/7/2024,2,408,Flood,326.3161943139173,Flood
10/8/2024,2,57,Flood,210.58120384897563,Heatwave
10/9/2024,2,474,Hurricane,343.5957874330285,Hurricane
10/10/2024,2,360,Hurricane,304.6416514310986,Hurricane
10/11/2024,2,88,Hurricane,175.86086532058783,Hurricane
10/12/2024,2,171,Hurricane,242.70379332039502,Hurricane
10/13/2024,2,31,Hurricane,167.92722777743762,Hurricane
10/14/2024,2,252,Hurricane,252.81126193618627,Hurricane
10/15/2024,2,449,Hurricane,325.31101676821453,Hurricane
10/16/2024,2,78,Hurricane,174.55879243783212,Hurricane
10/17/2024,2,204,Hurricane,232.39341567006272,Hurricane
10/18/2024,2,471,Hurricane,340.1132120966016,Hurricane
10/19/2024,2,440,Hurricane,342.9157794147107,Hurricane
10/20/2024,2,428,Hurricane,329.3628543920446,Hurricane
10/21/2024,2,111,Hurricane,180.8105552818076,Hurricane
10/22/2024,2,386,Hurricane,251.91565397896196,Hurricane
10/23/2024,2,59,Hurricane,178.44703138783163,Drought
10/24/2024,2,257,Hurricane,254.54912826447122,Hurricane
10/25/2024,2,304,Hurricane,277.3922575643108,Hurricane
10/26/2024,2,59,Hurricane,177.3299324983288,Hurricane
10/27/2024,2,72,Hurricane,244.79907348753915,Hurricane
10/28/2024,2,465,Hurricane,323.033118586715,Hurricane
10/29/2024,2,174,Drought,245.906349874204,Drought
10/30/2024,2,309,Drought,286.72502706903657,Drought
10/31/2024,2,494,Drought,353.1839247172322,Drought
11/1/2024,2,347,Drought,304.3193007467151,Drought
11/2/2024,2,313,Drought,289.19004237518044,Drought
11/3/2024,2,291,Drought,271.12214636672866,Drought
11/4/2024,2,279,Flood,288.35731865272214,Flood
11/5/2024,2,335,Flood,214.65402561371448,Flood
11/6/2024,2,147,Flood,196.61463070128582,Flood
11/7/2024,2,383,Flood,242.82555646185833,Flood
11/8/2024,2,357,Hurricane,294.86223569202855,Hurricane
11/9/2024,2,391,Hurricane,327.1257494359633,Hurricane
11/10/2024,2,358,Hurricane,290.1308970978574,Hurricane
11/11/2024,2,339,Hurricane,286.342439633558,Hurricane
11/12/2024,2,57,Hurricane,139.93429130377126,Hurricane
11/13/2024,2,201,Hurricane,258.99424946565847,Hurricane
11/14/2024,2,379,Hurricane,319.7315683886689,Hurricane
11/15/2024,2,310,Hurricane,297.99596339704874,Hurricane
11/16/2024,2,456,Hurricane,344.0414917206604,Hurricane
11/17/2024,2,73,Hurricane,202.2146136306228,Hurricane
11/18/2024,2,294,Hurricane,279.13278835288594,Hurricane
11/19/2024,2,329,Hurricane,295.45570488112196,Hurricane
11/20/2024,2,216,Hurricane,241.1976403273221,Hurricane
11/21/2024,2,383,Hurricane,312.7506228955911,Hurricane
11/22/2024,2,161,Hurricane,210.98813729267778,Hurricane
11/23/2024,2,67,Hurricane,182.6669645909722,Hurricane
11/24/2024,2,92,Hurricane,213.5891781129694,Hurricane
11/25/2024,2,433,Hurricane,282.5555984823105,Hurricane
11/26/2024,2,239,Hurricane,235.15825842158722,Hurricane
11/27/2024,2,61,Hurricane,131.83032762326778,Hurricane
11/28/2024,2,146,Hurricane,235.2975332253261,Hurricane
11/29/2024,2,41,Hurricane,187.75929321365257,Hurricane
11/30/2024,2,80,Hurricane,287.3721757026403,Hurricane
12/1/2024,2,275,Hurricane,280.73491275595626,Hurricane
12/2/2024,2,426,Hurricane,359.8394093672772,Hurricane
12/3/2024,2,183,Heatwave,324.13000083538105,Heatwave
12/4/2024,2,98,Heatwave,214.4343458264775,Hurricane
12/5/2024,2,265,Heatwave,270.28889857327965,Heatwave
12/6/2024,2,90,Heatwave,172.83946549962408,Flood
12/7/2024,2,100,Heatwave,194.98330406605987,Heatwave
12/8/2024,2,356,Hurricane,285.45704300658576,Hurricane
12/9/2024,2,26,Hurricane,133.66676708834572,Hurricane
12/10/2024,2,240,Hurricane,248.26347168582754,Hurricane
12/11/2024,2,436,Hurricane,273.6939732629672,Hurricane
12/12/2024,2,480,Hurricane,355.3038009509469,Flood
12/13/2024,2,171,Hurricane,195.52239527666373,Hurricane
12/14/2024,2,376,Hurricane,274.01568803043216,Hurricane
12/15/2024,2,356,Hurricane,239.99256472870465,Hurricane
12/16/2024,2,411,Hurricane,215.14837482206832,Hurricane
12/17/2024,2,260,Hurricane,230.57463106127474,Hurricane
12/18/2024,2,356,Flood,314.696548656733,Flood
12/19/2024,2,320,Flood,272.83769033810455,Flood
12/20/2024,2,35,Flood,129.4886089353474,Flood
12/21/2024,2,380,Flood,321.9060682622647,Flood
12/22/2024,2,469,Flood,196.72666095789958,Flood
12/23/2024,2,77,Flood,182.3402470353419,Hurricane
12/24/2024,2,248,Flood,257.3605342385926,Flood
12/25/2024,2,482,Flood,328.4789597366146,Flood
12/26/2024,2,309,Flood,292.4685496210309,Flood
12/27/2024,2,395,Flood,331.46625354607403,Flood
12/28/2024,2,461,Flood,332.23177668811076,Flood
12/29/2024,2,161,Flood,181.4181984497385,Flood
12/30/2024,2,123,Heatwave,162.85723842459575,Heatwave
12/31/2024,2,372,Heatwave,283.2328962430498,Heatwave
1/1/2024,0,221,Heatwave,249.3124673285795,Heatwave
1/2/2024,0,467,Heatwave,351.13271010371267,Heatwave
1/3/2024,0,47,Heatwave,177.34503486660705,Hurricane
1/4/2024,0,106,Heatwave,182.7802490095929,Hurricane
1/5/2024,0,455,Heatwave,369.2364517294172,Heatwave
1/6/2024,0,62,Hurricane,269.80883601541467,Hurricane
1/7/2024,0,187,Hurricane,246.1375384236305,Hurricane
1/8/2024,0,140,Hurricane,267.36202081851826,Heatwave
1/9/2024,0,118,Heatwave,215.30524737785834,Heatwave
1/10/2024,0,13,Heatwave,170.59231461992553,Heatwave
1/11/2024,0,207,Heatwave,245.49397581305803,Heatwave
1/12/2024,0,84,Heatwave,206.03206286800912,Heatwave
1/13/2024,0,405,Heatwave,361.1633653661062,Heatwave
1/14/2024,0,480,Heatwave,309.82509939006917,Hurricane
1/15/2024,0,459,Heatwave,287.2154952210201,Heatwave
1/16/2024,0,261,Heatwave,241.214509932886,Heatwave
1/17/2024,0,335,Hurricane,283.07890028584256,Hurricane
1/18/2024,0,204,Hurricane,236.2585631976056,Hurricane
1/19/2024,0,348,Hurricane,270.1173953623012,Hurricane
1/20/2024,0,459,Hurricane,363.15018780393336,Hurricane
1/21/2024,0,46,Hurricane,158.53036413297514,Hurricane
1/22/2024,0,197,Hurricane,173.11900199563857,Hurricane
1/23/2024,0,86,Hurricane,174.09584256794645,Hurricane
1/24/2024,0,214,Hurricane,246.04064042838846,Hurricane
1/25/2024,0,476,Hurricane,257.3685170651959,Hurricane
1/26/2024,0,243,Hurricane,278.0070698158929,Hurricane
1/27/2024,0,465,Heatwave,346.53210749485623,Heatwave
1/28/2024,0,177,Hurricane,251.31775455929645,Hurricane
1/29/2024,0,358,Hurricane,279.7109626801873,Hurricane
1/30/2024,0,321,Hurricane,276.20043522515505,Hurricane
1/31/2024,0,53,Hurricane,186.35234152851095,Hurricane
2/1/2024,0,399,Hurricane,333.88765441481905,Hurricane
2/2/2024,0,59,Hurricane,252.12300447384214,Hurricane
2/3/2024,0,500,Hurricane,271.95707837128714,Hurricane
2/4/2024,0,33,Hurricane,180.0568526686814,Hurricane
2/5/2024,0,196,Hurricane,239.6393094834844,Hurricane
2/6/2024,0,22,Hurricane,190.4128755135603,Hurricane
2/7/2024,0,356,Heatwave,328.91351947741134,Heatwave
2/8/2024,0,96,Heatwave,190.9011963576343,Heatwave
2/9/2024,0,56,Heatwave,268.6567512264792,Heatwave
2/10/2024,0,439,Heatwave,319.3466734985398,Heatwave
2/11/2024,0,345,Heatwave,283.4142067007284,Heatwave
2/12/2024,0,331,Heatwave,294.40488262498775,Heatwave
2/13/2024,0,81,Heatwave,162.69815010782912,Flood
2/14/2024,0,403,Heatwave,279.8142719335392,Hurricane
2/15/2024,0,177,Heatwave,204.4677166078349,Heatwave
2/16/2024,0,343,Heatwave,282.37157099743104,Heatwave
2/17/2024,0,187,Heatwave,194.62140365978266,Heatwave
2/18/2024,0,308,Heatwave,264.78504763719457,Heatwave
2/19/2024,0,221,Heatwave,224.79424043299906,Heatwave
2/20/2024,0,328,Heatwave,229.90033077356657,Heatwave
2/21/2024,0,477,Heatwave,216.581330779416,Hurricane
2/22/2024,0,282,Heatwave,285.14374440797576,Heatwave
2/23/2024,0,409,Heatwave,227.32741946379977,Heatwave
2/24/2024,0,433,Heatwave,295.89540856306076,Hurricane
2/25/2024,0,439,Hurricane,339.44466622355236,Heatwave
2/26/2024,0,166,Hurricane,174.90577396272022,Hurricane
2/27/2024,0,36,Hurricane,154.92988786071444,Hurricane
2/28/2024,0,27,Hurricane,128.08813038464194,Hurricane
2/29/2024,0,203,Hurricane,262.3086888707464,Hurricane
3/1/2024,0,96,Hurricane,165.47389086815633,Hurricane
3/2/2024,0,291,Hurricane,268.3742052276608,Hurricane
3/3/2024,0,380,Hurricane,307.64949013550546,Hurricane
3/4/2024,0,242,Hurricane,234.08926882508035,Hurricane
3/5/2024,0,245,Hurricane,276.06389734106466,Hurricane
3/6/2024,0,17,Heatwave,167.486731555076,Heatwave
3/7/2024,0,17,Heatwave,191.33324011187625,Heatwave
3/8/2024,0,161,Heatwave,262.96988303024,Heatwave
3/9/2024,0,79,Heatwave,145.77253989290554,Heatwave
3/10/2024,0,228,Drought,238.68552858230186,Drought
3/11/2024,0,255,Drought,221.688075616272,Drought
3/12/2024,0,77,Hurricane,199.2959696145762,Heatwave
3/13/2024,0,198,Flood,217.5843556596413,Hurricane
3/14/2024,0,228,Flood,233.54371058915822,Flood
3/15/2024,0,270,Flood,282.1905753377048,Flood
3/16/2024,0,459,Flood,322.94096423462787,Flood
3/17/2024,0,333,Flood,290.3929958799904,Flood
3/18/2024,0,292,Flood,284.6338472927675,Flood
3/19/2024,0,65,Flood,157.05837693846897,Flood
3/20/2024,0,91,Heatwave,172.204738738761,Heatwave
3/21/2024,0,377,Heatwave,321.9636409431858,Heatwave
3/22/2024,0,343,Drought,233.40558499311092,Drought
3/23/2024,0,379,Flood,325.4791234594497,Flood
3/24/2024,0,263,Flood,255.2917781051535,Flood
3/25/2024,0,167,Flood,194.31216017166975,Flood
3/26/2024,0,194,Flood,259.32144502485596,Flood
3/27/2024,0,397,Hurricane,308.6677800433796,Hurricane
3/28/2024,0,280,Hurricane,280.97685852111806,Hurricane
3/29/2024,0,420,Hurricane,317.03078670674853,Hurricane
3/30/2024,0,229,Hurricane,245.43134909472815,Hurricane
3/31/2024,0,396,Hurricane,310.94097907205867,Hurricane
4/1/2024,0,368,Drought,296.49411824332645,Hurricane
4/2/2024,0,118,Drought,221.14671804939385,Drought
4/3/2024,0,425,Heatwave,305.7345216811814,Heatwave
4/4/2024,0,273,Heatwave,235.84831895090286,Heatwave
4/5/2024,0,192,Heatwave,240.39498117707572,Heatwave
4/6/2024,0,129,Heatwave,211.93739335042014,Heatwave
4/7/2024,0,318,Heatwave,277.09422550406043,Heatwave
4/8/2024,0,36,Heatwave,236.8381387685435,Heatwave
4/9/2024,0,120,Heatwave,200.9052519541579,Hurricane
4/10/2024,0,61,Heatwave,180.21072215179976,Heatwave
4/11/2024,0,382,Drought,294.56623177743364,Drought
4/12/2024,0,136,Drought,228.75868987934516,Drought
4/13/2024,0,296,Hurricane,276.0965516028203,Hurricane
4/14/2024,0,319,Hurricane,269.0481474841329,Hurricane
4/15/2024,0,397,Hurricane,302.0527608700638,Hurricane
4/16/2024,0,78,Hurricane,159.22412277987573,Hurricane
4/17/2024,0,105,Drought,160.82296429835912,Drought
4/18/2024,0,191,Drought,216.44295330390952,Drought
4/19/2024,0,433,Drought,295.8181648518785,Drought
4/20/2024,0,43,Drought,252.01452449221063,Drought
4/21/2024,0,126,Drought,266.8444171165096,Drought
4/22/2024,0,429,Drought,345.19233252441865,Hurricane
4/23/2024,0,340,Drought,254.58471968856742,Hurricane
4/24/2024,0,143,Drought,179.2132901966011,Drought
4/25/2024,0,359,Drought,283.55537463775113,Hurricane
4/26/2024,0,392,Drought,316.92376923904544,Drought
4/27/2024,0,280,Drought,264.7675398968735,Drought
4/28/2024,0,99,Drought,214.6258536188127,Drought
4/29/2024,0,329,Drought,248.83147591358997,Drought
4/30/2024,0,490,Drought,335.18497498590665,Drought
5/1/2024,0,91,Hurricane,141.0865254732788,Hurricane
5/2/2024,0,436,Hurricane,327.3183406687003,Heatwave
5/3/2024,0,423,Hurricane,325.05071082632566,Hurricane
5/4/2024,0,260,Hurricane,254.56746352313235,Hurricane
5/5/2024,0,97,Hurricane,199.73531196350154,Heatwave
5/6/2024,0,365,Hurricane,289.14735243413173,Flood
5/7/2024,0,302,Hurricane,251.67840693590853,Drought
5/8/2024,0,377,Hurricane,308.5542591896455,Hurricane
5/9/2024,0,376,Hurricane,233.5746915256915,Hurricane
5/10/2024,0,51,Flood,198.54141816218873,Flood
5/11/2024,0,463,Hurricane,329.0193407639227,Drought
5/12/2024,0,327,Hurricane,265.5274743845885,Hurricane
5/13/2024,0,378,Drought,304.3571614419853,Drought
5/14/2024,0,485,Drought,318.4938378642413,Drought
5/15/2024,0,425,Drought,229.71403014108083,Hurricane
5/16/2024,0,88,Drought,206.29514095430335,Hurricane
5/17/2024,0,245,Hurricane,248.96808392035572,Hurricane
5/18/2024,0,59,Drought,184.47148002403577,Drought
5/19/2024,0,300,Flood,304.92179382674254,Flood
5/20/2024,0,179,Flood,212.38368354160536,Flood
5/21/2024,0,112,Flood,285.0127458807911,Flood
5/22/2024,0,250,Flood,238.7063065212563,Drought
5/23/2024,0,262,Flood,265.71102032992366,Flood
5/24/2024,0,410,Flood,341.03019395355744,Flood
5/25/2024,0,162,Hurricane,236.34280947330197,Hurricane
5/26/2024,0,101,Hurricane,196.81254865691,Flood
5/27/2024,0,146,Flood,250.8901485970706,Flood
5/28/2024,0,81,Flood,158.19354004565545,Flood
5/29/2024,0,286,Flood,223.8846532041911,Flood
5/30/2024,0,376,Flood,286.98062816021985,Flood
5/31/2024,0,265,Flood,288.99635632973246,Flood
6/1/2024,0,469,Flood,339.9894957245768,Hurricane
6/2/2024,0,404,Flood,306.3355256801711,Flood
6/3/2024,0,416,Flood,326.0829469424717,Flood
6/4/2024,0,476,Flood,338.87223015403447,Hurricane
6/5/2024,0,415,Flood,307.1339179079395,Flood
6/6/2024,0,469,Flood,325.2805462290645,Flood
6/7/2024,0,40,Hurricane,96.68620633759193,Hurricane
6/8/2024,0,371,Hurricane,320.64769362342247,Hurricane
6/9/2024,0,268,Hurricane,265.7666659416886,Flood
6/10/2024,0,337,Hurricane,314.65677055177304,Hurricane
6/11/2024,0,250,Hurricane,276.3539780175739,Hurricane
6/12/2024,0,364,Hurricane,280.4914343473367,Hurricane
6/13/2024,0,40,Hurricane,139.16276005029314,Hurricane
6/14/2024,0,326,Hurricane,288.59399324303274,Hurricane
6/15/2024,0,429,Hurricane,312.839521313442,Flood
6/16/2024,0,173,Hurricane,238.71988915763467,Hurricane
6/17/2024,0,379,Hurricane,305.15824887575064,Hurricane
6/18/2024,0,245,Hurricane,243.11204504062584,Hurricane
6/19/2024,0,254,Hurricane,273.3218586680343,Hurricane
6/20/2024,0,428,Hurricane,317.10423000751496,Hurricane
6/21/2024,0,152,Hurricane,167.06787351763217,Hurricane
6/22/2024,0,109,Hurricane,180.33959251148232,Hurricane
6/23/2024,0,226,Hurricane,245.84214542035133,Hurricane
6/24/2024,0,400,Hurricane,295.43900926898266,Hurricane
6/25/2024,0,77,Hurricane,144.12163709544456,Hurricane
6/26/2024,0,70,Hurricane,301.46513051006565,Hurricane
6/27/2024,0,490,Hurricane,263.1499585852578,Hurricane
6/28/2024,0,328,Hurricane,246.1590774057531,Hurricane
6/29/2024,0,256,Hurricane,250.54767341166414,Hurricane
6/30/2024,0,179,Hurricane,215.04232620095735,Hurricane
7/1/2024,0,136,Hurricane,247.8748418776329,Hurricane
7/2/2024,0,148,Hurricane,302.7777139483602,Hurricane
7/3/2024,0,181,Hurricane,207.84306527335278,Hurricane
7/4/2024,0,14,Hurricane,110.32401483668947,Hurricane
7/5/2024,0,283,Hurricane,290.15378351536197,Heatwave
7/6/2024,0,361,Hurricane,306.1882031124153,Hurricane
7/7/2024,0,81,Hurricane,181.84780453364453,Hurricane
7/8/2024,0,374,Hurricane,242.49493158833127,Hurricane
7/9/2024,0,193,Hurricane,209.3975617704001,Hurricane
7/10/2024,0,382,Hurricane,329.5036933622295,Hurricane
7/11/2024,0,114,Hurricane,230.89445870913767,Hurricane
7/12/2024,0,374,Hurricane,223.92555697304905,Hurricane
7/13/2024,0,135,Hurricane,202.420970925246,Hurricane
7/14/2024,0,57,Hurricane,142.45938457622495,Hurricane
7/15/2024,0,330,Hurricane,248.3789587075596,Hurricane
7/16/2024,0,202,Drought,235.58414905775808,Hurricane
7/17/2024,0,348,Drought,296.1612523109259,Hurricane
7/18/2024,0,195,Drought,240.66325924840487,Drought
7/19/2024,0,379,Drought,320.3020268631677,Drought
7/20/2024,0,134,Drought,224.8694832864607,Drought
7/21/2024,0,153,Drought,206.4179505435646,Drought
7/22/2024,0,356,Drought,304.383587711484,Drought
7/23/2024,0,412,Drought,297.22366865709347,Drought
7/24/2024,0,173,Heatwave,206.70797418047528,Heatwave
7/25/2024,0,52,Heatwave,249.57152818001802,Heatwave
7/26/2024,0,257,Heatwave,265.6002088359476,Heatwave
7/27/2024,0,302,Heatwave,297.83575217090487,Heatwave
7/28/2024,0,157,Heatwave,276.50519247680575,Heatwave
7/29/2024,0,47,Heatwave,190.52569515419123,Heatwave
7/30/2024,0,150,Heatwave,173.55277547028908,Heatwave
7/31/2024,0,496,Flood,247.15110451989992,Flood
8/1/2024,0,188,Flood,216.23896709904488,Flood
8/2/2024,0,23,Flood,114.02511670487846,Flood
8/3/2024,0,478,Flood,374.75387838447847,Hurricane
8/4/2024,0,276,Hurricane,278.8646544505069,Hurricane
8/5/2024,0,312,Hurricane,279.6700723570418,Hurricane
8/6/2024,0,89,Hurricane,178.9770218184348,Hurricane
8/7/2024,0,245,Hurricane,269.69280810125895,Hurricane
8/8/2024,0,397,Drought,276.17588639717246,Hurricane
8/9/2024,0,104,Drought,293.5070033398068,Drought
8/10/2024,0,403,Heatwave,315.5933606810698,Hurricane
8/11/2024,0,429,Heatwave,292.30343896613476,Heatwave
8/12/2024,0,247,Flood,273.90342988246425,Flood
8/13/2024,0,242,Flood,246.4763223193838,Flood
8/14/2024,0,254,Hurricane,300.8737395736718,Hurricane
8/15/2024,0,365,Hurricane,307.16491020273486,Hurricane
8/16/2024,0,248,Hurricane,271.6437332709625,Hurricane
8/17/2024,0,143,Hurricane,233.4357993526451,Hurricane
8/18/2024,0,130,Hurricane,231.99496955963613,Hurricane
8/19/2024,0,257,Hurricane,265.79857246914924,Hurricane
8/20/2024,0,60,Hurricane,161.99954268517914,Hurricane
8/21/2024,0,308,Hurricane,287.57420123149694,Hurricane
8/22/2024,0,268,Heatwave,283.0343688467617,Heatwave
8/23/2024,0,467,Drought,366.265843240534,Flood
8/24/2024,0,400,Drought,294.01544952596385,Drought
8/25/2024,0,244,Heatwave,236.55998627751748,Heatwave
8/26/2024,0,469,Heatwave,244.3563106909859,Heatwave
8/27/2024,0,333,Heatwave,287.2114877786962,Heatwave
8/28/2024,0,150,Heatwave,188.67185582750136,Heatwave
8/29/2024,0,152,Heatwave,219.9734631187282,Heatwave
8/30/2024,0,475,Heatwave,354.69880471766953,Hurricane
8/31/2024,0,446,Heatwave,322.1042612560669,Hurricane
9/1/2024,0,447,Heatwave,336.0624343551542,Heatwave
9/2/2024,0,407,Heatwave,308.8079198087044,Heatwave
9/3/2024,0,132,Heatwave,218.91143755407558,Heatwave
9/4/2024,0,257,Heatwave,257.5908255188214,Heatwave
9/5/2024,0,487,Heatwave,276.98631939978293,Heatwave
9/6/2024,0,257,Heatwave,253.47902755876578,Heatwave
9/7/2024,0,483,Heatwave,343.23666951773964,Flood
9/8/2024,0,58,Heatwave,165.6862551268229,Heatwave
9/9/2024,0,354,Heatwave,291.1159271059569,Heatwave
9/10/2024,0,381,Heatwave,297.27958131534297,Heatwave
9/11/2024,0,99,Heatwave,151.22895838388723,Heatwave
9/12/2024,0,350,Heatwave,299.15388390579074,Drought
9/13/2024,0,342,Heatwave,287.59616958266935,Heatwave
9/14/2024,0,32,Heatwave,143.50372223510732,Heatwave
9/15/2024,0,249,Heatwave,265.2305316741743,Heatwave
9/16/2024,0,356,Heatwave,308.3403829900911,Heatwave
9/17/2024,0,112,Heatwave,164.9482067729605,Hurricane
9/18/2024,0,132,Heatwave,221.61289859534588,Heatwave
9/19/2024,0,216,Heatwave,219.53989903750428,Heatwave
9/20/2024,0,172,Heatwave,224.677088952885,Heatwave
9/21/2024,0,156,Heatwave,207.5183181012469,Drought
9/22/2024,0,415,Heatwave,329.96047897371886,Heatwave
9/23/2024,0,45,Heatwave,146.40746644980024,Heatwave
9/24/2024,0,497,Drought,343.3756618888653,Drought
9/25/2024,0,449,Drought,308.10248960308337,Drought
9/26/2024,0,355,Drought,296.93164501035375,Drought
9/27/2024,0,499,Drought,348.7332709710239,Drought
9/28/2024,0,489,Drought,347.6892738470243,Drought
9/29/2024,0,25,Drought,150.94742683752276,Drought
9/30/2024,0,21,Flood,124.44440705817553,Drought
10/1/2024,0,162,Flood,243.8082414248255,Flood
10/2/2024,0,54,Flood,135.706845839406,Heatwave
10/3/2024,0,194,Flood,202.9248283522249,Drought
10/4/2024,0,48,Flood,251.90663362487186,Flood
10/5/2024,0,157,Flood,227.46933157845436,Flood
10/6/2024,0,350,Flood,300.04960425009125,Flood
10/7/2024,0,271,Flood,285.98356485265725,Flood
10/8/2024,0,242,Flood,233.38664466269552,Flood
10/9/2024,0,449,Flood,346.49725129294507,Drought
10/10/2024,0,121,Flood,196.96110402887902,Flood
10/11/2024,0,196,Flood,238.69072412579516,Flood
10/12/2024,0,58,Flood,257.32215344596284,Flood
10/13/2024,0,387,Flood,288.64852888964856,Hurricane
10/14/2024,0,56,Flood,185.65661525136917,Flood
10/15/2024,0,276,Drought,255.55586870576082,Drought
10/16/2024,0,129,Drought,170.76950832065305,Drought
10/17/2024,0,34,Drought,277.71853351580114,Drought
10/18/2024,0,494,Heatwave,387.8194075937706,Heatwave
10/19/2024,0,260,Heatwave,247.9420661207261,Heatwave
10/20/2024,0,243,Heatwave,276.9550208734591,Heatwave
10/21/2024,0,168,Hurricane,234.96370713637643,Hurricane
10/22/2024,0,176,Hurricane,221.81410534878398,Hurricane
10/23/2024,0,186,Hurricane,231.92790713880547,Hurricane
10/24/2024,0,41,Hurricane,303.57800795145636,Hurricane
10/25/2024,0,101,Hurricane,186.29100947530281,Hurricane
10/26/2024,0,162,Drought,265.0227821715073,Drought
10/27/2024,0,249,Drought,254.51896531934955,Drought
10/28/2024,0,196,Drought,225.2994646891693,Drought
10/29/2024,0,146,Drought,218.46716177430218,Drought
10/30/2024,0,264,Drought,264.54175322573093,Drought
10/31/2024,0,489,Drought,382.42359110411434,Drought
11/1/2024,0,352,Drought,268.1081913787731,Drought
11/2/2024,0,280,Drought,271.3656124628697,Drought
11/3/2024,0,302,Drought,311.95631000990994,Drought
11/4/2024,0,118,Drought,240.8635341306079,Drought
11/5/2024,0,272,Drought,254.2721215576868,Heatwave
11/6/2024,0,287,Drought,281.9946636693609,Drought
11/7/2024,0,179,Drought,223.17623560528904,Drought
11/8/2024,0,44,Drought,127.38220646920679,Drought
11/9/2024,0,85,Drought,164.52554042152053,Hurricane
11/10/2024,0,214,Drought,199.6100007641716,Drought
11/11/2024,0,424,Flood,304.9739520432451,Flood
11/12/2024,0,176,Flood,235.3841280914803,Flood
11/13/2024,0,330,Flood,300.1340286904698,Hurricane
11/14/2024,0,367,Flood,279.34827203150166,Flood
11/15/2024,0,208,Flood,230.43784195588796,Hurricane
11/16/2024,0,139,Hurricane,170.73248297635982,Hurricane
11/17/2024,0,215,Hurricane,264.5888645450452,Hurricane
11/18/2024,0,295,Hurricane,259.98150280286944,Hurricane
11/19/2024,0,151,Hurricane,197.50491028249533,Hurricane
11/20/2024,0,194,Hurricane,214.89797492933783,Hurricane
11/21/2024,0,23,Hurricane,267.8925520132568,Hurricane
11/22/2024,0,102,Hurricane,177.0953117410791,Hurricane
11/23/2024,0,143,Hurricane,238.79777139549591,Hurricane
11/24/2024,0,34,Hurricane,114.48410842060275,Hurricane
11/25/2024,0,182,Hurricane,196.60518551694494,Hurricane
11/26/2024,0,221,Hurricane,252.21376355709444,Hurricane
11/27/2024,0,492,Hurricane,278.4659003336991,Hurricane
11/28/2024,0,195,Hurricane,257.43368254612056,Hurricane
11/29/2024,0,430,Hurricane,318.0187199844746,Hurricane
11/30/2024,0,285,Hurricane,295.41479047647994,Hurricane
12/1/2024,0,21,Hurricane,141.03538787032952,Hurricane
12/2/2024,0,204,Flood,254.64756336522964,Flood
12/3/2024,0,321,Heatwave,283.6041926696654,Heatwave
12/4/2024,0,37,Heatwave,279.0977824711265,Hurricane
12/5/2024,0,208,Heatwave,213.30835978448985,Heatwave
12/6/2024,0,389,Heatwave,335.92577494340395,Heatwave
12/7/2024,0,114,Heatwave,231.17262220078177,Heatwave
12/8/2024,0,243,Heatwave,247.69910833844918,Heatwave
12/9/2024,0,472,Heatwave,342.6766042744684,Heatwave
12/10/2024,0,297,Flood,301.2870562425809,Flood
12/11/2024,0,232,Flood,276.59658787455163,Flood
12/12/2024,0,303,Flood,226.8445430186053,Flood
12/13/2024,0,85,Flood,165.71764894324056,Flood
12/14/2024,0,329,Flood,294.03978001669583,Hurricane
12/15/2024,0,47,Flood,176.6964133254365,Flood
12/16/2024,0,212,Hurricane,277.482391627304,Hurricane
12/17/2024,0,177,Drought,193.89312794686364,Drought
12/18/2024,0,325,Hurricane,271.2761463323816,Hurricane
12/19/2024,0,24,Hurricane,143.58038789323302,Hurricane
12/20/2024,0,398,Hurricane,289.17461272829246,Hurricane
12/21/2024,0,205,Hurricane,222.26574403004165,Hurricane
12/22/2024,0,480,Hurricane,219.9319055734103,Hurricane
12/23/2024,0,363,Hurricane,286.53240533236965,Hurricane
12/24/2024,0,484,Hurricane,388.26884393897643,Hurricane
12/25/2024,0,143,Hurricane,211.17494629747227,Heatwave
12/26/2024,0,237,Heatwave,275.2243490795813,Heatwave
12/27/2024,0,18,Heatwave,197.10775267960443,Heatwave
12/28/2024,0,352,Heatwave,295.53769004071216,Heatwave
12/29/2024,0,319,Drought,255.98398679887876,Heatwave
12/30/2024,0,31,Hurricane,150.76726908367434,Hurricane
12/31/2024,0,485,Hurricane,323.9269952019567,Hurricane
